annotation_id,feedback_id,analyst_alias,annotated_barrier_category,annotated_sentiment,annotation_status,annotation_note,annotated_at
MPS-A00001,MPS-F002664,analyst_03,prior_authorization,negative,needs_follow_up,Escalate for source review.,2026-05-31T16:00:00+00:00
MPS-A00002,MPS-F001070,analyst_01,prior_authorization,negative,validated,Barrier and sentiment confirmed from source text.,2026-05-21T16:00:00+00:00
MPS-A00003,MPS-F000400,analyst_04,prior_authorization,negative,validated,Barrier and sentiment confirmed from source text.,2026-05-06T16:00:00+00:00
MPS-A00004,MPS-F003880,analyst_04,prior_authorization,negative,validated,Barrier and sentiment confirmed from source text.,2026-02-14T16:00:00+00:00
MPS-A00005,MPS-F002107,analyst_03,no_barrier,positive,validated,Barrier and sentiment confirmed from source text.,2026-06-08T16:00:00+00:00
MPS-A00006,MPS-F002482,analyst_01,prior_authorization,negative,validated,Barrier and sentiment confirmed from source text.,2026-04-29T16:00:00+00:00
MPS-A00007,MPS-F000355,analyst_04,specialty_pharmacy_delay,negative,validated,Barrier and sentiment confirmed from source text.,2026-05-24T16:00:00+00:00
MPS-A00008,MPS-F002721,analyst_01,step_therapy,negative,validated,Barrier and sentiment confirmed from source text.,2026-01-11T16:00:00+00:00
MPS-A00009,MPS-F001474,analyst_01,no_barrier,positive,validated,Barrier and sentiment confirmed from source text.,2026-02-22T16:00:00+00:00
MPS-A00010,MPS-F003210,analyst_02,no_barrier,neutral,validated,Barrier and sentiment confirmed from source text.,2026-04-15T16:00:00+00:00
MPS-A00011,MPS-F002019,analyst_01,scheduling,neutral,validated,Barrier and sentiment confirmed from source text.,2026-05-16T16:00:00+00:00
MPS-A00012,MPS-F001937,analyst_04,specialty_pharmacy_delay,negative,validated,Barrier and sentiment confirmed from source text.,2026-04-13T16:00:00+00:00
MPS-A00013,MPS-F000662,analyst_04,payer_denial,negative,validated,Barrier and sentiment confirmed from source text.,2026-05-09T16:00:00+00:00
MPS-A00014,MPS-F000596,analyst_02,payer_denial,negative,needs_follow_up,Escalate for source review.,2026-06-11T16:00:00+00:00
MPS-A00015,MPS-F000053,analyst_01,prior_authorization,negative,needs_follow_up,Escalate for source review.,2026-06-11T16:00:00+00:00
MPS-A00016,MPS-F002533,analyst_01,prior_authorization,neutral,validated,Barrier and sentiment confirmed from source text.,2026-02-23T16:00:00+00:00
MPS-A00017,MPS-F000724,analyst_04,specialty_pharmacy_delay,negative,validated,Barrier and sentiment confirmed from source text.,2026-06-06T16:00:00+00:00
MPS-A00018,MPS-F003662,analyst_02,payer_denial,negative,validated,Barrier and sentiment confirmed from source text.,2026-05-13T16:00:00+00:00
MPS-A00019,MPS-F000558,analyst_03,prior_authorization,negative,validated,Barrier and sentiment confirmed from source text.,2026-06-15T16:00:00+00:00
MPS-A00020,MPS-F002213,analyst_01,out_of_pocket_cost,negative,validated,Barrier and sentiment confirmed from source text.,2026-03-14T16:00:00+00:00
MPS-A00021,MPS-F002356,analyst_04,out_of_pocket_cost,negative,validated,Barrier and sentiment confirmed from source text.,2026-05-07T16:00:00+00:00
MPS-A00022,MPS-F000449,analyst_03,step_therapy,negative,validated,Barrier and sentiment confirmed from source text.,2026-06-08T16:00:00+00:00
MPS-A00023,MPS-F003454,analyst_02,prior_authorization,negative,validated,Barrier and sentiment confirmed from source text.,2026-03-20T16:00:00+00:00
MPS-A00024,MPS-F002254,analyst_04,no_barrier,neutral,validated,Barrier and sentiment confirmed from source text.,2026-03-26T16:00:00+00:00
MPS-A00025,MPS-F000398,analyst_04,prior_authorization,negative,validated,Barrier and sentiment confirmed from source text.,2026-05-24T16:00:00+00:00
MPS-A00026,MPS-F001060,analyst_02,prior_authorization,negative,validated,Barrier and sentiment confirmed from source text.,2026-05-19T16:00:00+00:00
MPS-A00027,MPS-F000197,analyst_03,prior_authorization,negative,validated,Barrier and sentiment confirmed from source text.,2026-06-22T16:00:00+00:00
MPS-A00028,MPS-F000097,analyst_01,prior_authorization,negative,validated,Barrier and sentiment confirmed from source text.,2026-05-22T16:00:00+00:00
MPS-A00029,MPS-F000437,analyst_01,prior_authorization,negative,validated,Barrier and sentiment confirmed from source text.,2026-06-06T16:00:00+00:00
MPS-A00030,MPS-F000534,analyst_01,payer_denial,negative,validated,Barrier and sentiment confirmed from source text.,2026-06-27T16:00:00+00:00
MPS-A00031,MPS-F001905,analyst_02,payer_denial,negative,validated,Barrier and sentiment confirmed from source text.,2026-03-24T16:00:00+00:00
MPS-A00032,MPS-F002654,analyst_04,scheduling,negative,validated,Barrier and sentiment confirmed from source text.,2026-04-13T16:00:00+00:00
MPS-A00033,MPS-F000704,analyst_01,specialty_pharmacy_delay,negative,needs_follow_up,Escalate for source review.,2026-05-13T16:00:00+00:00
MPS-A00034,MPS-F000354,analyst_04,prior_authorization,negative,validated,Barrier and sentiment confirmed from source text.,2026-06-15T16:00:00+00:00
MPS-A00035,MPS-F003651,analyst_02,no_barrier,positive,validated,Barrier and sentiment confirmed from source text.,2026-04-17T16:00:00+00:00
MPS-A00036,MPS-F000151,analyst_01,prior_authorization,negative,validated,Barrier and sentiment confirmed from source text.,2026-05-03T16:00:00+00:00
MPS-A00037,MPS-F000473,analyst_03,prior_authorization,neutral,validated,Barrier and sentiment confirmed from source text.,2026-06-27T16:00:00+00:00
MPS-A00038,MPS-F000593,analyst_01,out_of_pocket_cost,negative,validated,Barrier and sentiment confirmed from source text.,2026-05-09T16:00:00+00:00
MPS-A00039,MPS-F003111,analyst_03,prior_authorization,negative,validated,Barrier and sentiment confirmed from source text.,2026-04-22T16:00:00+00:00
MPS-A00040,MPS-F002749,analyst_02,scheduling,negative,validated,Barrier and sentiment confirmed from source text.,2026-06-04T16:00:00+00:00
MPS-A00041,MPS-F000754,analyst_03,payer_denial,negative,validated,Barrier and sentiment confirmed from source text.,2026-06-08T16:00:00+00:00
MPS-A00042,MPS-F003360,analyst_04,no_barrier,positive,validated,Barrier and sentiment confirmed from source text.,2026-02-18T16:00:00+00:00
MPS-A00043,MPS-F000390,analyst_02,prior_authorization,neutral,validated,Barrier and sentiment confirmed from source text.,2026-06-27T16:00:00+00:00
MPS-A00044,MPS-F000799,analyst_01,specialty_pharmacy_delay,neutral,validated,Barrier and sentiment confirmed from source text.,2026-05-28T16:00:00+00:00
MPS-A00045,MPS-F002491,analyst_02,specialty_pharmacy_delay,negative,needs_follow_up,Escalate for source review.,2026-02-12T16:00:00+00:00
MPS-A00046,MPS-F003588,analyst_02,payer_denial,negative,validated,Barrier and sentiment confirmed from source text.,2026-03-27T16:00:00+00:00
MPS-A00047,MPS-F000732,analyst_03,specialty_pharmacy_delay,negative,validated,Barrier and sentiment confirmed from source text.,2026-06-11T16:00:00+00:00
MPS-A00048,MPS-F002273,analyst_04,step_therapy,negative,validated,Barrier and sentiment confirmed from source text.,2026-05-09T16:00:00+00:00
MPS-A00049,MPS-F000434,analyst_04,prior_authorization,negative,validated,Barrier and sentiment confirmed from source text.,2026-05-10T16:00:00+00:00
MPS-A00050,MPS-F001422,analyst_01,payer_denial,negative,validated,Barrier and sentiment confirmed from source text.,2026-04-18T16:00:00+00:00
MPS-A00051,MPS-F002818,analyst_02,step_therapy,negative,validated,Barrier and sentiment confirmed from source text.,2026-04-25T16:00:00+00:00
MPS-A00052,MPS-F000573,analyst_03,prior_authorization,neutral,validated,Barrier and sentiment confirmed from source text.,2026-06-11T16:00:00+00:00
MPS-A00053,MPS-F000462,analyst_01,prior_authorization,negative,validated,Barrier and sentiment confirmed from source text.,2026-06-02T16:00:00+00:00
MPS-A00054,MPS-F000629,analyst_03,out_of_pocket_cost,negative,validated,Barrier and sentiment confirmed from source text.,2026-06-17T16:00:00+00:00
MPS-A00055,MPS-F000658,analyst_01,no_barrier,positive,validated,Barrier and sentiment confirmed from source text.,2026-06-10T16:00:00+00:00
MPS-A00056,MPS-F003782,analyst_03,patient_concern,negative,validated,Barrier and sentiment confirmed from source text.,2026-05-11T16:00:00+00:00
MPS-A00057,MPS-F001766,analyst_04,prior_authorization,neutral,validated,Barrier and sentiment confirmed from source text.,2026-01-31T16:00:00+00:00
MPS-A00058,MPS-F000863,analyst_01,prior_authorization,neutral,validated,Barrier and sentiment confirmed from source text.,2026-06-09T16:00:00+00:00
MPS-A00059,MPS-F001656,analyst_03,payer_denial,negative,validated,Barrier and sentiment confirmed from source text.,2026-04-11T16:00:00+00:00
MPS-A00060,MPS-F002662,analyst_02,prior_authorization,negative,needs_follow_up,Escalate for source review.,2026-01-22T16:00:00+00:00
MPS-A00061,MPS-F001222,analyst_04,prior_authorization,negative,needs_follow_up,Escalate for source review.,2026-04-08T16:00:00+00:00
MPS-A00062,MPS-F000549,analyst_02,prior_authorization,negative,validated,Barrier and sentiment confirmed from source text.,2026-05-07T16:00:00+00:00
MPS-A00063,MPS-F002498,analyst_03,scheduling,negative,validated,Barrier and sentiment confirmed from source text.,2026-02-02T16:00:00+00:00
MPS-A00064,MPS-F003736,analyst_01,specialty_pharmacy_delay,negative,needs_follow_up,Escalate for source review.,2026-02-14T16:00:00+00:00
MPS-A00065,MPS-F003016,analyst_01,step_therapy,negative,validated,Barrier and sentiment confirmed from source text.,2026-04-14T16:00:00+00:00
MPS-A00066,MPS-F003314,analyst_02,out_of_pocket_cost,negative,validated,Barrier and sentiment confirmed from source text.,2026-02-22T16:00:00+00:00
MPS-A00067,MPS-F001683,analyst_03,prior_authorization,negative,validated,Barrier and sentiment confirmed from source text.,2026-01-21T16:00:00+00:00
MPS-A00068,MPS-F003519,analyst_04,scheduling,neutral,validated,Barrier and sentiment confirmed from source text.,2026-05-27T16:00:00+00:00
MPS-A00069,MPS-F001569,analyst_04,scheduling,negative,needs_follow_up,Escalate for source review.,2026-03-30T16:00:00+00:00
MPS-A00070,MPS-F003313,analyst_03,specialty_pharmacy_delay,negative,validated,Barrier and sentiment confirmed from source text.,2026-03-14T16:00:00+00:00
MPS-A00071,MPS-F001130,analyst_04,out_of_pocket_cost,negative,validated,Barrier and sentiment confirmed from source text.,2026-06-14T16:00:00+00:00
MPS-A00072,MPS-F000795,analyst_04,payer_denial,negative,validated,Barrier and sentiment confirmed from source text.,2026-06-09T16:00:00+00:00
MPS-A00073,MPS-F001797,analyst_01,out_of_pocket_cost,negative,needs_follow_up,Escalate for source review.,2026-03-15T16:00:00+00:00
MPS-A00074,MPS-F001361,analyst_04,scheduling,negative,validated,Barrier and sentiment confirmed from source text.,2026-02-06T16:00:00+00:00
MPS-A00075,MPS-F003406,analyst_01,specialty_pharmacy_delay,negative,validated,Barrier and sentiment confirmed from source text.,2026-04-29T16:00:00+00:00
MPS-A00076,MPS-F002623,analyst_02,payer_denial,neutral,validated,Barrier and sentiment confirmed from source text.,2026-03-12T16:00:00+00:00
MPS-A00077,MPS-F000547,analyst_04,step_therapy,negative,validated,Barrier and sentiment confirmed from source text.,2026-06-17T16:00:00+00:00
MPS-A00078,MPS-F001094,analyst_04,prior_authorization,negative,validated,Barrier and sentiment confirmed from source text.,2026-06-27T16:00:00+00:00
MPS-A00079,MPS-F000842,analyst_04,specialty_pharmacy_delay,negative,needs_follow_up,Escalate for source review.,2026-05-15T16:00:00+00:00
MPS-A00080,MPS-F002366,analyst_04,step_therapy,negative,validated,Barrier and sentiment confirmed from source text.,2026-01-29T16:00:00+00:00
MPS-A00081,MPS-F000660,analyst_03,step_therapy,negative,validated,Barrier and sentiment confirmed from source text.,2026-05-16T16:00:00+00:00
MPS-A00082,MPS-F003044,analyst_04,out_of_pocket_cost,negative,validated,Barrier and sentiment confirmed from source text.,2026-01-13T16:00:00+00:00
MPS-A00083,MPS-F002234,analyst_04,out_of_pocket_cost,neutral,validated,Barrier and sentiment confirmed from source text.,2026-05-01T16:00:00+00:00
MPS-A00084,MPS-F002101,analyst_03,prior_authorization,negative,validated,Barrier and sentiment confirmed from source text.,2026-04-20T16:00:00+00:00
MPS-A00085,MPS-F003088,analyst_02,prior_authorization,negative,validated,Barrier and sentiment confirmed from source text.,2026-05-28T16:00:00+00:00
MPS-A00086,MPS-F000630,analyst_01,payer_denial,negative,validated,Barrier and sentiment confirmed from source text.,2026-05-09T16:00:00+00:00
MPS-A00087,MPS-F001198,analyst_01,prior_authorization,negative,validated,Barrier and sentiment confirmed from source text.,2026-06-24T16:00:00+00:00
MPS-A00088,MPS-F003464,analyst_03,out_of_pocket_cost,negative,validated,Barrier and sentiment confirmed from source text.,2026-01-20T16:00:00+00:00
MPS-A00089,MPS-F003512,analyst_02,step_therapy,negative,validated,Barrier and sentiment confirmed from source text.,2026-04-20T16:00:00+00:00
MPS-A00090,MPS-F000998,analyst_03,payer_denial,negative,validated,Barrier and sentiment confirmed from source text.,2026-05-11T16:00:00+00:00
MPS-A00091,MPS-F002027,analyst_03,patient_concern,negative,validated,Barrier and sentiment confirmed from source text.,2026-02-18T16:00:00+00:00
MPS-A00092,MPS-F002210,analyst_02,specialty_pharmacy_delay,negative,validated,Barrier and sentiment confirmed from source text.,2026-03-31T16:00:00+00:00
MPS-A00093,MPS-F003520,analyst_02,patient_concern,negative,validated,Barrier and sentiment confirmed from source text.,2026-03-14T16:00:00+00:00
MPS-A00094,MPS-F001152,analyst_04,scheduling,neutral,validated,Barrier and sentiment confirmed from source text.,2026-06-22T16:00:00+00:00
MPS-A00095,MPS-F003825,analyst_01,prior_authorization,negative,validated,Barrier and sentiment confirmed from source text.,2026-05-14T16:00:00+00:00
MPS-A00096,MPS-F001052,analyst_03,step_therapy,negative,validated,Barrier and sentiment confirmed from source text.,2026-06-01T16:00:00+00:00
MPS-A00097,MPS-F000771,analyst_03,specialty_pharmacy_delay,negative,validated,Barrier and sentiment confirmed from source text.,2026-06-03T16:00:00+00:00
MPS-A00098,MPS-F003191,analyst_03,out_of_pocket_cost,negative,validated,Barrier and sentiment confirmed from source text.,2026-06-12T16:00:00+00:00
MPS-A00099,MPS-F003881,analyst_02,prior_authorization,negative,validated,Barrier and sentiment confirmed from source text.,2026-05-23T16:00:00+00:00
MPS-A00100,MPS-F000033,analyst_01,payer_denial,negative,needs_follow_up,Escalate for source review.,2026-05-11T16:00:00+00:00
MPS-A00101,MPS-F000074,analyst_03,step_therapy,negative,validated,Barrier and sentiment confirmed from source text.,2026-05-15T16:00:00+00:00
MPS-A00102,MPS-F000231,analyst_04,specialty_pharmacy_delay,negative,validated,Barrier and sentiment confirmed from source text.,2026-06-22T16:00:00+00:00
MPS-A00103,MPS-F003672,analyst_02,scheduling,negative,validated,Barrier and sentiment confirmed from source text.,2026-03-16T16:00:00+00:00
MPS-A00104,MPS-F002523,analyst_01,out_of_pocket_cost,negative,validated,Barrier and sentiment confirmed from source text.,2026-05-30T16:00:00+00:00
MPS-A00105,MPS-F002650,analyst_04,scheduling,negative,validated,Barrier and sentiment confirmed from source text.,2026-05-14T16:00:00+00:00
MPS-A00106,MPS-F001247,analyst_04,specialty_pharmacy_delay,negative,needs_follow_up,Escalate for source review.,2026-01-29T16:00:00+00:00
MPS-A00107,MPS-F003092,analyst_01,out_of_pocket_cost,negative,validated,Barrier and sentiment confirmed from source text.,2026-03-30T16:00:00+00:00
MPS-A00108,MPS-F002427,analyst_03,out_of_pocket_cost,negative,validated,Barrier and sentiment confirmed from source text.,2026-02-20T16:00:00+00:00
MPS-A00109,MPS-F002896,analyst_02,no_barrier,positive,validated,Barrier and sentiment confirmed from source text.,2026-04-11T16:00:00+00:00
MPS-A00110,MPS-F000685,analyst_03,prior_authorization,negative,validated,Barrier and sentiment confirmed from source text.,2026-06-17T16:00:00+00:00
MPS-A00111,MPS-F000897,analyst_03,step_therapy,negative,validated,Barrier and sentiment confirmed from source text.,2026-05-09T16:00:00+00:00
MPS-A00112,MPS-F000484,analyst_03,prior_authorization,negative,validated,Barrier and sentiment confirmed from source text.,2026-06-02T16:00:00+00:00
MPS-A00113,MPS-F000183,analyst_04,payer_denial,negative,validated,Barrier and sentiment confirmed from source text.,2026-05-13T16:00:00+00:00
MPS-A00114,MPS-F000959,analyst_02,specialty_pharmacy_delay,negative,needs_follow_up,Escalate for source review.,2026-06-20T16:00:00+00:00
MPS-A00115,MPS-F003730,analyst_04,prior_authorization,negative,validated,Barrier and sentiment confirmed from source text.,2026-02-03T16:00:00+00:00
MPS-A00116,MPS-F000232,analyst_01,out_of_pocket_cost,negative,validated,Barrier and sentiment confirmed from source text.,2026-05-26T16:00:00+00:00
MPS-A00117,MPS-F003089,analyst_03,no_barrier,positive,validated,Barrier and sentiment confirmed from source text.,2026-02-01T16:00:00+00:00
MPS-A00118,MPS-F000970,analyst_02,prior_authorization,negative,validated,Barrier and sentiment confirmed from source text.,2026-06-01T16:00:00+00:00
MPS-A00119,MPS-F002141,analyst_01,step_therapy,neutral,validated,Barrier and sentiment confirmed from source text.,2026-03-01T16:00:00+00:00
MPS-A00120,MPS-F002231,analyst_01,scheduling,negative,needs_follow_up,Escalate for source review.,2026-06-02T16:00:00+00:00
MPS-A00121,MPS-F000217,analyst_02,step_therapy,negative,validated,Barrier and sentiment confirmed from source text.,2026-05-25T16:00:00+00:00
MPS-A00122,MPS-F003168,analyst_03,payer_denial,neutral,needs_follow_up,Escalate for source review.,2026-03-25T16:00:00+00:00
MPS-A00123,MPS-F000369,analyst_04,out_of_pocket_cost,negative,validated,Barrier and sentiment confirmed from source text.,2026-06-13T16:00:00+00:00
MPS-A00124,MPS-F001699,analyst_02,out_of_pocket_cost,negative,validated,Barrier and sentiment confirmed from source text.,2026-04-23T16:00:00+00:00
MPS-A00125,MPS-F003452,analyst_01,prior_authorization,negative,validated,Barrier and sentiment confirmed from source text.,2026-05-26T16:00:00+00:00
MPS-A00126,MPS-F000756,analyst_02,specialty_pharmacy_delay,negative,validated,Barrier and sentiment confirmed from source text.,2026-06-05T16:00:00+00:00
MPS-A00127,MPS-F000985,analyst_04,prior_authorization,negative,needs_follow_up,Escalate for source review.,2026-06-23T16:00:00+00:00
MPS-A00128,MPS-F001373,analyst_01,step_therapy,negative,validated,Barrier and sentiment confirmed from source text.,2026-05-11T16:00:00+00:00
MPS-A00129,MPS-F003273,analyst_02,no_barrier,positive,validated,Barrier and sentiment confirmed from source text.,2026-02-22T16:00:00+00:00
MPS-A00130,MPS-F000337,analyst_02,prior_authorization,negative,validated,Barrier and sentiment confirmed from source text.,2026-05-10T16:00:00+00:00
MPS-A00131,MPS-F002045,analyst_04,step_therapy,neutral,validated,Barrier and sentiment confirmed from source text.,2026-05-14T16:00:00+00:00
MPS-A00132,MPS-F000878,analyst_04,prior_authorization,negative,needs_follow_up,Escalate for source review.,2026-06-17T16:00:00+00:00
MPS-A00133,MPS-F001959,analyst_02,prior_authorization,negative,validated,Barrier and sentiment confirmed from source text.,2026-04-08T16:00:00+00:00
MPS-A00134,MPS-F000766,analyst_04,prior_authorization,negative,validated,Barrier and sentiment confirmed from source text.,2026-06-09T16:00:00+00:00
MPS-A00135,MPS-F000247,analyst_04,specialty_pharmacy_delay,negative,needs_follow_up,Escalate for source review.,2026-05-21T16:00:00+00:00
MPS-A00136,MPS-F000334,analyst_01,prior_authorization,negative,validated,Barrier and sentiment confirmed from source text.,2026-05-31T16:00:00+00:00
MPS-A00137,MPS-F001241,analyst_04,prior_authorization,negative,validated,Barrier and sentiment confirmed from source text.,2026-04-17T16:00:00+00:00
MPS-A00138,MPS-F000707,analyst_04,prior_authorization,neutral,validated,Barrier and sentiment confirmed from source text.,2026-05-22T16:00:00+00:00
MPS-A00139,MPS-F001092,analyst_03,payer_denial,negative,needs_follow_up,Escalate for source review.,2026-05-31T16:00:00+00:00
MPS-A00140,MPS-F000926,analyst_02,prior_authorization,negative,validated,Barrier and sentiment confirmed from source text.,2026-06-18T16:00:00+00:00
MPS-A00141,MPS-F002564,analyst_04,out_of_pocket_cost,neutral,validated,Barrier and sentiment confirmed from source text.,2026-02-12T16:00:00+00:00
MPS-A00142,MPS-F001749,analyst_03,patient_concern,negative,validated,Barrier and sentiment confirmed from source text.,2026-03-22T16:00:00+00:00
MPS-A00143,MPS-F002359,analyst_01,prior_authorization,negative,validated,Barrier and sentiment confirmed from source text.,2026-01-31T16:00:00+00:00
MPS-A00144,MPS-F002694,analyst_04,out_of_pocket_cost,neutral,validated,Barrier and sentiment confirmed from source text.,2026-05-16T16:00:00+00:00
MPS-A00145,MPS-F000397,analyst_04,prior_authorization,negative,validated,Barrier and sentiment confirmed from source text.,2026-06-22T16:00:00+00:00
MPS-A00146,MPS-F000702,analyst_01,prior_authorization,negative,validated,Barrier and sentiment confirmed from source text.,2026-05-27T16:00:00+00:00
MPS-A00147,MPS-F003148,analyst_03,payer_denial,negative,validated,Barrier and sentiment confirmed from source text.,2026-03-14T16:00:00+00:00
MPS-A00148,MPS-F001034,analyst_01,prior_authorization,negative,validated,Barrier and sentiment confirmed from source text.,2026-06-20T16:00:00+00:00
MPS-A00149,MPS-F000340,analyst_03,specialty_pharmacy_delay,negative,validated,Barrier and sentiment confirmed from source text.,2026-05-13T16:00:00+00:00
MPS-A00150,MPS-F003444,analyst_01,scheduling,negative,validated,Barrier and sentiment confirmed from source text.,2026-05-01T16:00:00+00:00
MPS-A00151,MPS-F000290,analyst_02,specialty_pharmacy_delay,negative,validated,Barrier and sentiment confirmed from source text.,2026-05-20T16:00:00+00:00
MPS-A00152,MPS-F001074,analyst_02,prior_authorization,negative,validated,Barrier and sentiment confirmed from source text.,2026-05-17T16:00:00+00:00
MPS-A00153,MPS-F001362,analyst_01,out_of_pocket_cost,negative,validated,Barrier and sentiment confirmed from source text.,2026-04-08T16:00:00+00:00
MPS-A00154,MPS-F000576,analyst_02,prior_authorization,negative,validated,Barrier and sentiment confirmed from source text.,2026-05-03T16:00:00+00:00
MPS-A00155,MPS-F002149,analyst_03,scheduling,negative,validated,Barrier and sentiment confirmed from source text.,2026-04-08T16:00:00+00:00
MPS-A00156,MPS-F000478,analyst_02,specialty_pharmacy_delay,negative,needs_follow_up,Escalate for source review.,2026-05-25T16:00:00+00:00
MPS-A00157,MPS-F003325,analyst_04,no_barrier,positive,validated,Barrier and sentiment confirmed from source text.,2026-01-22T16:00:00+00:00
MPS-A00158,MPS-F000436,analyst_02,specialty_pharmacy_delay,negative,validated,Barrier and sentiment confirmed from source text.,2026-05-12T16:00:00+00:00
MPS-A00159,MPS-F003312,analyst_03,out_of_pocket_cost,negative,validated,Barrier and sentiment confirmed from source text.,2026-01-22T16:00:00+00:00
MPS-A00160,MPS-F002114,analyst_02,prior_authorization,negative,validated,Barrier and sentiment confirmed from source text.,2026-04-19T16:00:00+00:00
MPS-A00161,MPS-F000920,analyst_03,scheduling,negative,validated,Barrier and sentiment confirmed from source text.,2026-06-23T16:00:00+00:00
MPS-A00162,MPS-F003433,analyst_04,no_barrier,positive,validated,Barrier and sentiment confirmed from source text.,2026-05-24T16:00:00+00:00
MPS-A00163,MPS-F003863,analyst_01,out_of_pocket_cost,negative,validated,Barrier and sentiment confirmed from source text.,2026-05-26T16:00:00+00:00
MPS-A00164,MPS-F002271,analyst_02,specialty_pharmacy_delay,negative,validated,Barrier and sentiment confirmed from source text.,2026-04-10T16:00:00+00:00
MPS-A00165,MPS-F003136,analyst_01,no_barrier,positive,needs_follow_up,Escalate for source review.,2026-06-02T16:00:00+00:00
MPS-A00166,MPS-F000802,analyst_02,specialty_pharmacy_delay,negative,validated,Barrier and sentiment confirmed from source text.,2026-05-09T16:00:00+00:00
MPS-A00167,MPS-F001299,analyst_01,patient_concern,negative,validated,Barrier and sentiment confirmed from source text.,2026-06-06T16:00:00+00:00
MPS-A00168,MPS-F000838,analyst_04,prior_authorization,negative,validated,Barrier and sentiment confirmed from source text.,2026-06-27T16:00:00+00:00
MPS-A00169,MPS-F000149,analyst_04,specialty_pharmacy_delay,negative,validated,Barrier and sentiment confirmed from source text.,2026-06-27T16:00:00+00:00
MPS-A00170,MPS-F000706,analyst_03,out_of_pocket_cost,negative,validated,Barrier and sentiment confirmed from source text.,2026-05-08T16:00:00+00:00
MPS-A00171,MPS-F000791,analyst_03,out_of_pocket_cost,negative,validated,Barrier and sentiment confirmed from source text.,2026-05-05T16:00:00+00:00
MPS-A00172,MPS-F003062,analyst_02,out_of_pocket_cost,negative,validated,Barrier and sentiment confirmed from source text.,2026-03-14T16:00:00+00:00
MPS-A00173,MPS-F001616,analyst_03,no_barrier,neutral,needs_follow_up,Escalate for source review.,2026-05-21T16:00:00+00:00
MPS-A00174,MPS-F001908,analyst_04,step_therapy,negative,validated,Barrier and sentiment confirmed from source text.,2026-06-06T16:00:00+00:00
MPS-A00175,MPS-F000175,analyst_02,prior_authorization,negative,validated,Barrier and sentiment confirmed from source text.,2026-06-14T16:00:00+00:00
MPS-A00176,MPS-F003153,analyst_02,out_of_pocket_cost,negative,validated,Barrier and sentiment confirmed from source text.,2026-05-15T16:00:00+00:00
MPS-A00177,MPS-F000190,analyst_04,out_of_pocket_cost,negative,validated,Barrier and sentiment confirmed from source text.,2026-06-26T16:00:00+00:00
MPS-A00178,MPS-F003718,analyst_01,no_barrier,positive,validated,Barrier and sentiment confirmed from source text.,2026-05-16T16:00:00+00:00
MPS-A00179,MPS-F002951,analyst_01,out_of_pocket_cost,negative,validated,Barrier and sentiment confirmed from source text.,2026-02-23T16:00:00+00:00
MPS-A00180,MPS-F000670,analyst_04,specialty_pharmacy_delay,neutral,validated,Barrier and sentiment confirmed from source text.,2026-05-20T16:00:00+00:00
MPS-A00181,MPS-F000836,analyst_01,prior_authorization,negative,validated,Barrier and sentiment confirmed from source text.,2026-06-18T16:00:00+00:00
MPS-A00182,MPS-F003302,analyst_03,payer_denial,negative,validated,Barrier and sentiment confirmed from source text.,2026-02-03T16:00:00+00:00
MPS-A00183,MPS-F002059,analyst_03,specialty_pharmacy_delay,negative,validated,Barrier and sentiment confirmed from source text.,2026-05-27T16:00:00+00:00
MPS-A00184,MPS-F002703,analyst_02,out_of_pocket_cost,negative,validated,Barrier and sentiment confirmed from source text.,2026-05-08T16:00:00+00:00
MPS-A00185,MPS-F000206,analyst_02,prior_authorization,negative,validated,Barrier and sentiment confirmed from source text.,2026-05-05T16:00:00+00:00
MPS-A00186,MPS-F003869,analyst_02,out_of_pocket_cost,negative,validated,Barrier and sentiment confirmed from source text.,2026-04-22T16:00:00+00:00
MPS-A00187,MPS-F002688,analyst_04,step_therapy,negative,validated,Barrier and sentiment confirmed from source text.,2026-05-20T16:00:00+00:00
MPS-A00188,MPS-F001226,analyst_02,specialty_pharmacy_delay,negative,needs_follow_up,Escalate for source review.,2026-05-25T16:00:00+00:00
MPS-A00189,MPS-F000582,analyst_02,specialty_pharmacy_delay,negative,validated,Barrier and sentiment confirmed from source text.,2026-06-10T16:00:00+00:00
MPS-A00190,MPS-F000595,analyst_02,specialty_pharmacy_delay,negative,needs_follow_up,Escalate for source review.,2026-05-28T16:00:00+00:00
MPS-A00191,MPS-F002018,analyst_02,out_of_pocket_cost,negative,validated,Barrier and sentiment confirmed from source text.,2026-04-27T16:00:00+00:00
MPS-A00192,MPS-F000220,analyst_01,prior_authorization,negative,validated,Barrier and sentiment confirmed from source text.,2026-06-27T16:00:00+00:00
MPS-A00193,MPS-F002499,analyst_02,specialty_pharmacy_delay,negative,validated,Barrier and sentiment confirmed from source text.,2026-03-20T16:00:00+00:00
MPS-A00194,MPS-F003737,analyst_01,payer_denial,negative,validated,Barrier and sentiment confirmed from source text.,2026-02-09T16:00:00+00:00
MPS-A00195,MPS-F003931,analyst_04,out_of_pocket_cost,negative,needs_follow_up,Escalate for source review.,2026-03-17T16:00:00+00:00
MPS-A00196,MPS-F000471,analyst_03,scheduling,negative,needs_follow_up,Escalate for source review.,2026-06-27T16:00:00+00:00
MPS-A00197,MPS-F000712,analyst_03,prior_authorization,negative,validated,Barrier and sentiment confirmed from source text.,2026-05-13T16:00:00+00:00
MPS-A00198,MPS-F002841,analyst_02,step_therapy,negative,validated,Barrier and sentiment confirmed from source text.,2026-06-10T16:00:00+00:00
MPS-A00199,MPS-F000733,analyst_02,prior_authorization,neutral,needs_follow_up,Escalate for source review.,2026-05-11T16:00:00+00:00
MPS-A00200,MPS-F002848,analyst_02,payer_denial,negative,validated,Barrier and sentiment confirmed from source text.,2026-05-24T16:00:00+00:00
